<?xml version="1.0" encoding="UTF-8" standalone="yes" ?>
<Content.Project>
  <androidVersion>15</androidVersion>
  <catroidVersionCode>10</catroidVersionCode>
  <catroidVersionName>0.6.0beta</catroidVersionName>
  <deviceName>sdk</deviceName>
  <projectName>testaaa</projectName>
  <screenHeight>800</screenHeight>
  <screenWidth>480</screenWidth>
  <spriteList>
    <Content.Sprite>
      <costumeDataList>
        <Common.CostumeData>
          <fileName>B978398F6E8D16B857AA81618F3EF879_background</fileName>
          <name>background</name>
        </Common.CostumeData>
      </costumeDataList>
      <name>Background</name>
      <scriptList>
        <Content.StartScript>
          <brickList>
            <Bricks.SetCostumeBrick>
              <costumeData reference="../../../../../costumeDataList/Common.CostumeData"/>
              <sprite reference="../../../../.."/>
            </Bricks.SetCostumeBrick>
          </brickList>
          <sprite reference="../../.."/>
        </Content.StartScript>
      </scriptList>
      <soundList/>
    </Content.Sprite>
    <Content.Sprite>
      <costumeDataList>
        <Common.CostumeData>
          <fileName>143780EBC24495149123CCAF3A1CDC35_normalCat</fileName>
          <name>normalCat</name>
        </Common.CostumeData>
        <Common.CostumeData>
          <fileName>FE5DF421A5746EC7FC916AC1B94ECC17_banzaiCat</fileName>
          <name>banzaiCat</name>
        </Common.CostumeData>
        <Common.CostumeData>
          <fileName>3673EC84679EE425A215B86B085EC292_cheshireCat</fileName>
          <name>cheshireCat</name>
        </Common.CostumeData>
      </costumeDataList>
      <name>Catroid</name>
      <scriptList>
        <Content.StartScript>
          <brickList>
            <Bricks.SetCostumeBrick>
              <costumeData reference="../../../../../costumeDataList/Common.CostumeData"/>
              <sprite reference="../../../../.."/>
            </Bricks.SetCostumeBrick>
          </brickList>
          <sprite reference="../../.."/>
        </Content.StartScript>
        <Content.WhenScript>
          <brickList>
            <Bricks.SetCostumeBrick>
              <costumeData reference="../../../../../costumeDataList/Common.CostumeData[2]"/>
              <sprite reference="../../../../.."/>
            </Bricks.SetCostumeBrick>
            <Bricks.WaitBrick>
              <sprite reference="../../../../.."/>
              <timeToWaitInMilliSeconds>500</timeToWaitInMilliSeconds>
            </Bricks.WaitBrick>
            <Bricks.SetCostumeBrick>
              <costumeData reference="../../../../../costumeDataList/Common.CostumeData[3]"/>
              <sprite reference="../../../../.."/>
            </Bricks.SetCostumeBrick>
            <Bricks.WaitBrick>
              <sprite reference="../../../../.."/>
              <timeToWaitInMilliSeconds>500</timeToWaitInMilliSeconds>
            </Bricks.WaitBrick>
            <Bricks.SetCostumeBrick>
              <costumeData reference="../../../../../costumeDataList/Common.CostumeData"/>
              <sprite reference="../../../../.."/>
            </Bricks.SetCostumeBrick>
          </brickList>
          <sprite reference="../../.."/>
          <action>Tapped</action>
        </Content.WhenScript>
      </scriptList>
      <soundList/>
    </Content.Sprite>
    <Content.Sprite>
      <costumeDataList/>
      <name>hahaha</name>
      <scriptList>
        <Content.StartScript>
          <brickList>
            <Bricks.PlaySoundBrick>
              <sprite reference="../../../../.."/>
            </Bricks.PlaySoundBrick>
            <Bricks.SetCostumeBrick>
              <sprite reference="../../../../.."/>
            </Bricks.SetCostumeBrick>
          </brickList>
          <sprite reference="../../.."/>
        </Content.StartScript>
      </scriptList>
      <soundList>
        <Common.SoundInfo>
          <fileName>91EAE8BA161B038BD290785E949DD580_01 Demon Eyes.mp3</fileName>
          <name>01 Demon Eyes</name>
        </Common.SoundInfo>
      </soundList>
    </Content.Sprite>
  </spriteList>
</Content.Project>